"Name", "Stmts", "Miss", "Cover"
"dist_py_module/__init__.py", "8", "0", "100%"
"dist_py_module/core/__init__.py", "9", "0", "100%"
"dist_py_module/core/model/__init__.py", "9", "0", "100%"
"dist_py_module/core/model/project_setup.py", "14", "0", "100%"
"dist_py_module/core/service/__init__.py", "9", "0", "100%"
"dist_py_module/core/service/engine.py", "27", "3", "89%"
"dist_py_module/core/service/iservice.py", "14", "0", "100%"
"dist_py_module/core/service/isubprocessor.py", "14", "0", "100%"
"dist_py_module/engine.py", "57", "0", "100%"
"dist_py_module/infrastructure/__init__.py", "8", "0", "100%"
"dist_py_module/infrastructure/cli/__init__.py", "9", "0", "100%"
"dist_py_module/infrastructure/cli/engine.py", "39", "7", "82%"
"dist_py_module/infrastructure/cli/icli.py", "16", "2", "88%"
"dist_py_module/infrastructure/cli/setup/__init__.py", "9", "0", "100%"
"dist_py_module/infrastructure/cli/setup/bundle.py", "22", "1", "95%"
"dist_py_module/infrastructure/cli/setup/dep_validator.py", "28", "0", "100%"
"dist_py_module/infrastructure/cli/setup/dependencies.py", "18", "0", "100%"
"dist_py_module/infrastructure/cli/setup/factory.py", "32", "32", "0%"
"dist_py_module/infrastructure/cli/setup/keys.py", "26", "1", "96%"
"dist_py_module/infrastructure/cli/setup/opt_validator.py", "28", "28", "0%"
"dist_py_module/infrastructure/cli/setup/options.py", "15", "15", "0%"
"dist_py_module/infrastructure/cli/setup/registry.py", "21", "0", "100%"
"dist_py_module/infrastructure/cli/setup/validator.py", "35", "0", "100%"
"dist_py_module/infrastructure/command/__init__.py", "9", "0", "100%"
"dist_py_module/infrastructure/command/command.py", "16", "0", "100%"
"dist_py_module/infrastructure/command/dist_py_module_command_definition.py", "24", "1", "96%"
"dist_py_module/infrastructure/command/dist_py_module_command_executor.py", "21", "2", "90%"
"dist_py_module/infrastructure/command/icommand_definition.py", "15", "0", "100%"
"dist_py_module/infrastructure/command/icommand_executor.py", "14", "1", "93%"
"dist_py_module/infrastructure/subprocessor.py", "55", "18", "67%"
"dist_py_module/setup/__init__.py", "9", "0", "100%"
"dist_py_module/setup/bundle.py", "23", "1", "96%"
"dist_py_module/setup/dep_validator.py", "28", "0", "100%"
"dist_py_module/setup/dependencies.py", "19", "0", "100%"
"dist_py_module/setup/factory.py", "45", "1", "98%"
"dist_py_module/setup/keys.py", "27", "1", "96%"
"dist_py_module/setup/opt_validator.py", "26", "9", "65%"
"dist_py_module/setup/options.py", "12", "0", "100%"
"dist_py_module/setup/registry.py", "29", "0", "100%"
"dist_py_module/setup/validator.py", "40", "0", "100%"
"Total", "879", "123", "86%"
